03/10/2025;2508568.HP2;201;qte :;1;soubassement MOUL ALU LAQ 2 FACES POUR PE 28MM;624; * 230;G9005;G9005;2508568.HP2
;2508568.HP2;201;qte :;1;;624; * 586;G9005;G9005;2508568.HP2
;2508568.HP2;201;qte :;1;;624; * 1176;G9005;G9005;2508568.HP2
02/10/2025;2509717.H00;401;qte :;1;soubassement PLAT 7016 SATINE 1 face 28MM;723; * 1822;;;2509717.H00
07/10/2025;2510436.XP0;1;qte :;1;soubassement MOUL BLANC VEINE 2FACES POUR PE 28MM;302; * 602;;;2510436.XP0
;2510436.XP0;1;qte :;1;;632; * 1072;;;2510436.XP0
;2510436.XP0;1;qte :;1;;632; * 220;;;2510436.XP0
;2510436.XP0;1;qte :;1;;632; * 602;;;2510436.XP0
;2510436.XP0;1;qte :;1;;302; * 220;;;2510436.XP0
;2510436.XP0;1;qte :;1;;302; * 1072;;;2510436.XP0
24/10/2025;2510833.000;1;qte :;1;soubassement mouluré blanc 28MM;488; * 405;;;2510833.000
;2510833.000;1;qte :;1;;488; * 405;;;2510833.000
06/11/2025;2511391.U04;3;qte :;1;Soub Askey plat noir 2100 2Faces 28 MM;756; * 1587;;;2511391.U04
23/10/2025;2511410.HP2;1;qte :;1;soubassement MOUL ALU LAQ 2 FACES POUR PE 28MM;619; * 230;G7016;G7016;2511410.HP2
;2511410.HP2;1;qte :;2;;285; * 586;G7016;G7016;2511410.HP2
17/10/2025;2511490.0P0;1;qte :;1;soubassement MOULURE  blanc POUR PE 28MM;790; * 731;;;2511490.0P0
30/10/2025;2511544.UP0;1;qte :;1;soubassement moul ALU LAQUE 1 FACES 24MM;863; * 422;;;2511544.UP0
